"setting","mechanism","cens_rate","threshold","method_key","method","n_sim","n_failed","nb_true","bias","emp_se","coverage","mod_se","mcse_bias","rel_bias","mcse_rel_bias","mcse_emp_se","rmse","mcse_rmse","mcse_coverage","rel_err_mod_se","mcse_rel_err_mod_se"
"Competing","Nonlinear informative",0.1,0.01,"ref","AJ",1000,0,0.29284903030303,-0.0143104292695537,0.0248071874360075,0.815,0.0242616973198583,0.000784472146404961,-4.88662340959289,0.267875958337037,0.000554983135350189,0.0286281249441108,0.000589579602961391,0.0122790471943062,-2.19891963793296,2.1926074275973
"Competing","Nonlinear informative",0.1,0.01,"ipcw_cox","CIPCW (Cox)",1000,0,0.29284903030303,-0.00689525245479408,0.0250479317497994,0.876,0.0247811151056139,0.00079208515005813,-2.35454167208924,0.270475592573589,0.000560369035482183,0.0259675950459994,0.000563220272331348,0.0104222838188182,-1.06522425424492,2.21828121155512
"Competing","Nonlinear informative",0.1,0.01,"ipcw_gam","CIPCW (GAM)",1000,0,0.29284903030303,-0.000896240591618607,0.0248965311775706,0.893,0.0246518944489591,0.000787297443585169,-0.306041850536848,0.268840720684819,0.000556981921788374,0.0249002143486584,0.000552364494769279,0.00977501918156686,-0.982613709784053,2.2202919107809
"Competing","Nonlinear informative",0.1,0.1,"ref","AJ",1000,0,0.243812,-0.0116707749368207,0.0258124985355249,0.845,0.0252582708736748,0.000816262874720194,-4.78679266681733,0.334791919479022,0.000577473823077355,0.0283165284452694,0.000598594261536858,0.0114444309600784,-2.14712907813759,2.19416433641704
"Competing","Nonlinear informative",0.1,0.1,"ipcw_cox","CIPCW (Cox)",1000,0,0.243812,-0.00761077269660686,0.0258637646180216,0.868,0.0256015649750992,0.00081788405059423,-3.12157428535382,0.335456848142926,0.000578620741133847,0.0269478987480587,0.000586585888062183,0.0107040179372047,-1.01377215109547,2.21996048179185
"Competing","Nonlinear informative",0.1,0.1,"ipcw_gam","CIPCW (GAM)",1000,0,0.243812,-0.000976676568989374,0.0257229150247919,0.893,0.0254882279880555,0.000813429995373088,-0.400585930548691,0.333630008109973,0.000575469672554829,0.0257285947174676,0.000581229280719736,0.00977501918156686,-0.912365633949785,2.22244607645136
"Competing","Nonlinear informative",0.1,0.25,"ref","AJ",1000,0,0.188595666666667,-0.00863751428775409,0.025445281177802,0.873,0.0256887108192322,0.000804650442252661,-4.57991132056096,0.426653727773522,0.000569258484636841,0.0268592912221142,0.000564425737211132,0.0105295299040366,0.956678921051335,2.26449511760486
"Competing","Nonlinear informative",0.1,0.25,"ipcw_cox","CIPCW (Cox)",1000,0,0.188595666666667,-0.00770403908294119,0.0252333164811677,0.88,0.0255773493222066,0.000797947530003552,-4.08495021073717,0.423099609925759,0.000564516438315585,0.0263711159902196,0.000562286878676752,0.0102761860629321,1.3634071498118,2.27428202581282
"Competing","Nonlinear informative",0.1,0.25,"ipcw_gam","CIPCW (GAM)",1000,0,0.188595666666667,-0.000860854993918578,0.0252292274737147,0.898,0.0255931628676368,0.000797818224234342,-0.456455341277854,0.423031047497207,0.000564424959578521,0.0252312995369258,0.000582450953733641,0.00957057991973318,1.44251501280115,2.2760575538737
"Competing","Nonlinear informative",0.1,0.5,"ref","AJ",1000,0,0.124619,-0.00406984869147409,0.0267429312857389,0.879,0.0262809676551975,0.000845685741723102,-3.26583321281192,0.678617018049496,0.000598289342219875,0.0270376193062831,0.000582096958690524,0.0103130499853341,-1.72742331648488,2.20834020063123
"Competing","Nonlinear informative",0.1,0.5,"ipcw_cox","CIPCW (Cox)",1000,0,0.124619,-0.0050243006646248,0.0253238033156856,0.879,0.0248488737862582,0.000800808974956905,-4.03172924243077,0.642605842573689,0.000566540797879046,0.0258049862725347,0.000551927753990539,0.0103130499853341,-1.87542733414466,2.20613543877129
"Competing","Nonlinear informative",0.1,0.5,"ipcw_gam","CIPCW (GAM)",1000,0,0.124619,0.000913766333729615,0.0258926611854698,0.889,0.0253740626628822,0.000818797840291199,0.73324800690875,0.657040932996733,0.000579267211341105,0.0258958383196012,0.000572397645033365,0.00993373041711924,-2.00287841745109,2.20359487995173
"Competing","Nonlinear informative",0.1,0.75,"ref","AJ",1000,0,0.072609,-0.00181345831502498,0.0291801263853934,0.88,0.0287257570405971,0.000922756617894195,-2.49756685125119,1.27085708093238,0.000652813950515577,0.0292218570106692,0.000666237993380256,0.0102761860629321,-1.55711918034652,2.27678659177408
"Competing","Nonlinear informative",0.1,0.75,"ipcw_cox","CIPCW (Cox)",1000,0,0.072609,-0.00246607364298331,0.0256280892566409,0.877,0.0253214069609973,0.000810431341290768,-3.39637461331696,1.11615824662338,0.000573348242938668,0.025733707062917,0.000605992620556408,0.0103860964755773,-1.19666469307357,2.31167235781239
"Competing","Nonlinear informative",0.1,0.75,"ipcw_gam","CIPCW (GAM)",1000,0,0.072609,0.00162261021175277,0.0276925481747678,0.869,0.0270267798647671,0.000875715264462048,2.23472325986141,1.20606985974473,0.000619534046393382,0.0277262188386139,0.000633410809998452,0.0106695360723885,-2.40414246388226,2.26925352905543
"Competing","Nonlinear informative",0.2,0.01,"ref","AJ",1000,0,0.292852262626263,-0.0305042029372621,0.0237412686771072,0.616,0.0233143311388636,0.000750764835616715,-10.4162428740363,0.256362996441943,0.000531136541036786,0.0386469997205199,0.000665059520214267,0.0153799869960933,-1.79829285473393,2.20209590800053
"Competing","Nonlinear informative",0.2,0.01,"ipcw_cox","CIPCW (Cox)",1000,0,0.292852262626263,-0.0129231257385528,0.0250682707767594,0.855,0.0249722289868498,0.000792728326563981,-4.41284817903054,0.270692232136057,0.000560824057518895,0.0281921435934134,0.000613644590590594,0.0111344061359374,-0.383120921123126,2.24416299842146
"Competing","Nonlinear informative",0.2,0.01,"ipcw_gam","CIPCW (GAM)",1000,0,0.292852262626263,-0.00159135675803764,0.0245243152672359,0.901,0.0251945388541004,0.000775526943005064,-0.543399167814704,0.264818491088385,0.000548654756386104,0.0245636522858227,0.000531515386273694,0.00944452222190196,2.73289418913922,2.31931016150175
"Competing","Nonlinear informative",0.2,0.1,"ref","AJ",1000,0,0.243863666666667,-0.0254026342485309,0.0250164226004936,0.721,0.0245992158898266,0.000791088743268724,-10.4167359556901,0.32439795320147,0.000559664116937143,0.0356439252200343,0.000680909476776939,0.0141830532678969,-1.66773130327105,2.2053121644854
"Competing","Nonlinear informative",0.2,0.1,"ipcw_cox","CIPCW (Cox)",1000,0,0.243863666666667,-0.0148000292334176,0.0260420100620357,0.843,0.0259177584435861,0.000823520666450556,-6.06897675070536,0.337697155835934,0.000582608424769327,0.0299424275417527,0.000642616104063393,0.0115043904662524,-0.477119923360914,2.24400644495431
"Competing","Nonlinear informative",0.2,0.1,"ipcw_gam","CIPCW (GAM)",1000,0,0.243863666666667,-0.00195043103900389,0.0254795350852865,0.898,0.0261077363849929,0.000805733645916778,-0.799803868146498,0.330403317939987,0.00057002480855094,0.025541371981397,0.000546803441680685,0.00957057991973318,2.46551319560449,2.3141741398833
"Competing","Nonlinear informative",0.2,0.25,"ref","AJ",1000,0,0.188580666666667,-0.0193207001306202,0.0253450028549608,0.804,0.0256682346917738,0.000801479363251464,-10.2453239094606,0.425006114050996,0.000567015071184123,0.031859319736705,0.000630873498734605,0.0125532465920175,1.2753276796325,2.27240674658439
"Competing","Nonlinear informative",0.2,0.25,"ipcw_cox","CIPCW (Cox)",1000,0,0.188580666666667,-0.0158518801568884,0.025696485134019,0.838,0.0260370983587143,0.000812594208841571,-8.40588827958064,0.430900061604885,0.0005748783865138,0.0301816358636004,0.000619407448089123,0.0116514376795312,1.32552457240322,2.28748320721244
"Competing","Nonlinear informative",0.2,0.25,"ipcw_gam","CIPCW (GAM)",1000,0,0.188580666666667,-0.00222050058404378,0.0256840441506001,0.896,0.0264838660778371,0.000812200790402211,-1.17748050385712,0.430691440834626,0.000574600058468654,0.0257670540933531,0.000557803653189203,0.00965318600255895,3.11408095449108,2.3320329186742
"Competing","Nonlinear informative",0.2,0.5,"ref","AJ",1000,0,0.124719,-0.00962180539491411,0.0285133256113469,0.864,0.0280783072369498,0.000901670525978691,-7.71478715746126,0.722961638546405,0.000637896371278152,0.0300794924614573,0.000624238346527749,0.0108399261990108,-1.52566691211895,2.21791668641654
"Competing","Nonlinear informative",0.2,0.5,"ipcw_cox","CIPCW (Cox)",1000,0,0.124719,-0.0116649846797993,0.0259089786374186,0.848,0.0258108762286438,0.000819313843428885,-9.35301331777779,0.656927848546641,0.000579632263230476,0.0284020380684227,0.000588001774306942,0.0113532374237483,-0.378642516741778,2.28114053785851
"Competing","Nonlinear informative",0.2,0.5,"ipcw_gam","CIPCW (GAM)",1000,0,0.124719,0.00107919521577684,0.026878691420481,0.901,0.0269539456642479,0.000849978854135466,0.865301370101458,0.681515129319082,0.000601326550102836,0.026886915976711,0.000566148238643518,0.00944452222190196,0.279977334423198,2.28719206668388
"Competing","Nonlinear informative",0.2,0.75,"ref","AJ",1000,0,0.0727540000000001,-0.00485936509466802,0.0334182262731962,0.875,0.0333400051375348,0.0010567771038618,-6.6791724093081,1.45253471130357,0.0007476281639256,0.0337531405727314,0.000849060799258834,0.0104582503316759,-0.234067287180006,2.35987354381054
"Competing","Nonlinear informative",0.2,0.75,"ipcw_cox","CIPCW (Cox)",1000,0,0.0727540000000001,-0.00665351743397228,0.0278648771577127,0.874,0.0273519155698982,0.00088116478539171,-9.1452256013034,1.21115647990723,0.000623389367739794,0.0286346681817614,0.00114813595502668,0.010493998284734,-1.84088946422133,3.01822215498142
"Competing","Nonlinear informative",0.2,0.75,"ipcw_gam","CIPCW (GAM)",1000,0,0.0727540000000001,0.00343662197592839,0.0307458885867084,0.854,0.0302189586446148,0.00097227036619774,4.72361928681363,1.33638063363903,0.000687842976596837,0.0309220750585522,0.000894804897503827,0.0111661989951818,-1.71382245339117,2.56299310797404
"Competing","Nonlinear informative",0.3,0.01,"ref","AJ",1000,0,0.292846868686869,-0.0485495363186539,0.0227279323541708,0.334,0.0222546078546988,0.000718720327454126,-16.5784720650595,0.245425307320813,0.00050846631406655,0.0536013043399409,0.000691149289973399,0.0149145566477854,-2.08256735410927,2.19601470036553
"Competing","Nonlinear informative",0.3,0.01,"ipcw_cox","CIPCW (Cox)",1000,0,0.292846868686869,-0.0180598851935067,0.026339625544186,0.803,0.0261844386515963,0.000832932094355798,-6.16700642027949,0.284425815475058,0.000589266639201681,0.031925562659674,0.000677119412211277,0.0125774003673255,-0.589176533012625,2.2858163916646
"Competing","Nonlinear informative",0.3,0.01,"ipcw_gam","CIPCW (GAM)",1000,0,0.292846868686869,-0.00222480285522888,0.0284976722832835,0.897,0.0275997157645258,0.000901175524282269,-0.759715432575715,0.307729267628217,0.000637546177081019,0.028570175987986,0.000774791795338202,0.00961202372032029,-3.15098198137538,2.26066228788214
"Competing","Nonlinear informative",0.3,0.1,"ref","AJ",1000,0,0.243904666666667,-0.0414637910329906,0.0245846014791817,0.489,0.0239115942289383,0.000777433360417587,-16.9999990568681,0.318744766569009,0.000550003471592548,0.0481979687755387,0.00072780600770896,0.0158075614817719,-2.73751539480233,2.18149235467106
"Competing","Nonlinear informative",0.3,0.1,"ipcw_cox","CIPCW (Cox)",1000,0,0.243904666666667,-0.021184844975628,0.0277156651968929,0.778,0.0273590037841626,0.000876446288888406,-8.68570711054918,0.359339696475018,0.000620051217372642,0.0348738812845709,0.000716093597864832,0.0131421459434904,-1.28685856968093,2.27389215319835
"Competing","Nonlinear informative",0.3,0.1,"ipcw_gam","CIPCW (GAM)",1000,0,0.243904666666667,-0.00278816098708605,0.0298591280413594,0.887,0.0287751224713989,0.000944228535572982,-1.14313556406713,0.387130163796093,0.000668004486278975,0.0299741522240883,0.000796553061330976,0.0100115433375679,-3.63039928178411,2.25217125859333
"Competing","Nonlinear informative",0.3,0.25,"ref","AJ",1000,0,0.188572333333333,-0.0319626034466667,0.0262139937831612,0.644,0.0259466362863969,0.000828959269242834,-16.9497841394196,0.439597503297321,0.000586456021963714,0.0413290976877359,0.000723852078916135,0.0151414662433993,-1.01990371622065,2.22163532326091
"Competing","Nonlinear informative",0.3,0.25,"ipcw_cox","CIPCW (Cox)",1000,0,0.188572333333333,-0.0228601688330575,0.0283141927068834,0.766,0.0280213292390066,0.000895373390626799,-12.1227586406582,0.474816944139985,0.000633441396124052,0.036379652749989,0.00071381246459141,0.0133882037630147,-1.03433451523268,2.28664073351232
"Competing","Nonlinear informative",0.3,0.25,"ipcw_gam","CIPCW (GAM)",1000,0,0.188572333333333,-0.0029523696141739,0.0304953111228352,0.897,0.0295900874162254,0.00096434641103626,-1.56564304104733,0.511393370379321,0.000682237090524214,0.0306227125319873,0.000802535644694616,0.00961202372032029,-2.96840292254619,2.27341643877469
"Competing","Nonlinear informative",0.3,0.5,"ref","AJ",1000,0,0.124764,-0.0167061590892927,0.0324111283673114,0.837,0.0314620473310295,0.00102492987176799,-13.3902079841081,0.821494879747352,0.000725097502001337,0.0364489576300483,0.000789633128754589,0.0116803681448831,-2.92825669481819,2.1998767723397
"Competing","Nonlinear informative",0.3,0.5,"ipcw_cox","CIPCW (Cox)",1000,0,0.124764,-0.0172717811609091,0.0298747417929842,0.821,0.0289959314569823,0.000944722285752526,-13.843561572977,0.757207436241645,0.000668353795077228,0.0344952478099609,0.000846774489328957,0.0121226647235664,-2.94164998007888,2.31883834658612
"Competing","Nonlinear informative",0.3,0.5,"ipcw_gam","CIPCW (GAM)",1000,0,0.124764,0.00268075829523255,0.0319112564499704,0.894,0.0308980411047111,0.00100912253379646,2.14866331252008,0.808825088804828,0.000713914433196175,0.0320077557002209,0.00086792173462571,0.00973468027209934,-3.17510326441661,2.30490981837703
"Competing","Nonlinear informative",0.3,0.75,"ref","AJ",1000,0,0.0727019999999999,-0.0109544157789179,0.0426382593433328,0.866,0.0406949291466013,0.00134834014989887,-15.0675576723032,1.85461218384483,0.000953897531402125,0.0440022995277165,0.00112724275469327,0.0107723720693262,-4.55771465969885,2.30169296357218
"Competing","Nonlinear informative",0.3,0.75,"ipcw_cox","CIPCW (Cox)",1000,0,0.0727019999999999,-0.0106556846600065,0.0375287562594204,0.848,0.0323138622301063,0.00118676347533069,-14.6566595967188,1.63236702612128,0.00083958840027204,0.0389941374363648,0.00226281559237197,0.0113532374237483,-13.8957283669773,3.35925935043185
"Competing","Nonlinear informative",0.3,0.75,"ipcw_gam","CIPCW (GAM)",1000,0,0.0727019999999999,0.00774698196787111,0.0386636307877114,0.807,0.0348639948190245,0.00122265135900978,10.6558030973991,1.68173001982034,0.000864977663991063,0.0394131602254031,0.00130902025362698,0.0124800240384384,-9.82741633746033,2.73336397104735
"Competing","Non-informative",0.1,0.01,"ipcw_gam","CIPCW (GAM)",1000,0,0.29284903030303,0.000622761326108782,0.0252021050435046,0.895,0.025164906715154,0.000796960537682915,0.212656099787788,0.272140405197261,0.000563818180136267,0.0251971979433133,0.000558487108498022,0.00969407035254026,-0.147600084542088,2.23844212595487
"Competing","Non-informative",0.1,0.1,"ipcw_gam","CIPCW (GAM)",1000,0,0.243812,0.0007351803690925,0.0259483140381826,0.897,0.0259894920864717,0.000820557738019784,0.301535760788025,0.336553466613532,0.000580512269644044,0.0259457545004538,0.000587346186431931,0.00961202372032029,0.158692577207309,2.24572670335745
"Competing","Non-informative",0.1,0.25,"ipcw_gam","CIPCW (GAM)",1000,0,0.188595666666667,0.00083420174011841,0.0255793959130922,0.901,0.0259160491147305,0.000808891522565738,0.442322856544111,0.428902496469026,0.000572258881859623,0.0255802088014671,0.000589462892286994,0.00944452222190196,1.31611083694894,2.27263546587971
"Competing","Non-informative",0.1,0.5,"ipcw_gam","CIPCW (GAM)",1000,0,0.124619,0.000996817693517649,0.0256863715381449,0.892,0.0254060217625184,0.000812274388858605,0.799892226319942,0.651806216434576,0.00057465212647677,0.0256928694120944,0.00056835833266654,0.00981509042240569,-1.0914339349573,2.22141337971493
"Competing","Non-informative",0.1,0.75,"ipcw_gam","CIPCW (GAM)",1000,0,0.072609,0.000406055288623864,0.025688998391023,0.886,0.0260434858479146,0.000812357457240334,0.559235478554813,1.1188109700455,0.000574710894083947,0.0256793612574976,0.000563011781586366,0.0100500746265886,1.37991933938355,2.31639218698013
"Competing","Non-informative",0.2,0.01,"ipcw_gam","CIPCW (GAM)",1000,0,0.292852262626263,0.000214226090262824,0.0251261031156377,0.899,0.0251991814948736,0.000794557145696683,0.0731515912978341,0.271316717368407,0.000562117874999741,0.0251144506119013,0.000548107693381558,0.00952885092757778,0.290846451196791,2.24839531496752
"Competing","Non-informative",0.2,0.1,"ipcw_gam","CIPCW (GAM)",1000,0,0.243863666666667,0.000342642260141754,0.0258466607257422,0.897,0.0260130010162952,0.000817343178029659,0.140505662374915,0.335163982893307,0.000578238095104812,0.0258360063577827,0.000580918531466971,0.00961202372032029,0.643565883879971,2.25616707644582
"Competing","Non-informative",0.2,0.25,"ipcw_gam","CIPCW (GAM)",1000,0,0.188580666666667,0.000563587468683537,0.0254867879014433,0.9,0.0260009115836228,0.00080596300010184,0.298857501484883,0.427383683782628,0.000570187067600308,0.0254802749594757,0.000574997335933286,0.00948683298050514,2.01721646591011,2.28811820219588
"Competing","Non-informative",0.2,0.5,"ipcw_gam","CIPCW (GAM)",1000,0,0.124719,0.000682073333580881,0.0257273609638901,0.889,0.0255147705510858,0.000813570588311977,0.546888071248873,0.652322892511949,0.000575569136519726,0.0257235384248846,0.000568662881199648,0.00993373041711924,-0.826320325285834,2.22750549679875
"Competing","Non-informative",0.2,0.75,"ipcw_gam","CIPCW (GAM)",1000,0,0.0727540000000001,0.000247014483825104,0.0261067821185128,0.878,0.0260247621771763,0.000825568938722564,0.339520141607476,1.13474027369294,0.00058405749669977,0.0260948946092169,0.000602897533129944,0.0103496859855746,-0.314171011058217,2.28383640541688
"Competing","Non-informative",0.3,0.01,"ipcw_gam","CIPCW (GAM)",1000,0,0.292846868686869,0.000527661727699205,0.0257431562459873,0.887,0.0253645672835832,0.000814070078989096,0.180183496605325,0.277984901337481,0.000575922506493836,0.0257356913703651,0.000582815715941062,0.0100115433375679,-1.47063925956255,2.20952351424738
"Competing","Non-informative",0.3,0.1,"ipcw_gam","CIPCW (GAM)",1000,0,0.243904666666667,0.000347175056239364,0.0265534967010814,0.889,0.0261801917448649,0.000839695294171845,0.142340473015152,0.344271926260196,0.000594051336601214,0.0265424872494452,0.000592314703604587,0.00993373041711924,-1.40585987758558,2.21091273419229
"Competing","Non-informative",0.3,0.25,"ipcw_gam","CIPCW (GAM)",1000,0,0.188572333333333,0.000222028904887198,0.0257561444243211,0.899,0.0263103245650525,0.00081448080125101,0.117742036152634,0.431919564685706,0.000576213076311668,0.0257442205837638,0.000572170758472941,0.00952885092757778,2.1516424648097,2.29170233660296
"Competing","Non-informative",0.3,0.5,"ipcw_gam","CIPCW (GAM)",1000,0,0.124764,0.000480517182411007,0.0259284017476243,0.898,0.0259523393722885,0.000819928056103831,0.385140891932775,0.65718320677746,0.000580066794497998,0.0259198887330099,0.000557819946034667,0.00957057991973318,0.092322021608604,2.24984574324328
"Competing","Non-informative",0.3,0.75,"ipcw_gam","CIPCW (GAM)",1000,0,0.0727019999999999,8.50654071574921e-05,0.0266441411035709,0.885,0.0264648204402172,0.000842561721861963,0.117005594285566,1.15892509403038,0.000596079221254616,0.0266309515604558,0.000641956606185466,0.0100883596287999,-0.673020994208873,2.29026688030867
"Competing","Linear informative",0.1,0.01,"ipcw_gam","CIPCW (GAM)",1000,0,0.29284903030303,-0.000443430869059424,0.0245226487904338,0.899,0.0246713788068608,0.00077547424438144,-0.151419613239141,0.264803418873884,0.000548617474186218,0.0245143952470972,0.000528692039986747,0.00952885092757778,0.606500617849148,2.25625039118329
"Competing","Linear informative",0.1,0.1,"ipcw_gam","CIPCW (GAM)",1000,0,0.243812,-0.000516677298486087,0.0254162705294642,0.9,0.0256006144158794,0.000803733045001207,-0.211916270932557,0.329652783702692,0.000568609462226923,0.0254088129642071,0.00055767596746141,0.00948683298050514,0.725298726268542,2.25967257301686
"Competing","Linear informative",0.1,0.25,"ipcw_gam","CIPCW (GAM)",1000,0,0.188595666666667,-0.000685984886667346,0.0252197908801823,0.901,0.0259685896408517,0.000797519812945188,-0.363733111577684,0.422872819424193,0.00056421384534886,0.025216510255244,0.000552404050308458,0.00944452222190196,2.9690918700588,2.31175905365099
"Competing","Linear informative",0.1,0.5,"ipcw_gam","CIPCW (GAM)",1000,0,0.124619,-0.000500923292472538,0.0266840578336972,0.896,0.026665166315229,0.000843823999701417,-0.401963819700478,0.677123070881179,0.000596972233092236,0.0266754161668486,0.000578410311695837,0.00965318600255895,-0.0707970226490717,2.25053196571113
"Competing","Linear informative",0.1,0.75,"ipcw_gam","CIPCW (GAM)",1000,0,0.072609,-0.000948730122572085,0.0309654518163776,0.876,0.029991490627419,0.000979213565159514,-1.3066288236611,1.34861183208626,0.000692755016299999,0.0309645028352094,0.000822998167310805,0.0104222838188182,-3.14531560764618,2.32570087518504
"Competing","Linear informative",0.2,0.01,"ipcw_gam","CIPCW (GAM)",1000,0,0.292852262626263,-0.000956854164194228,0.0270951270866105,0.888,0.0266749846901806,0.000856823150854114,-0.326736135009946,0.292578634417993,0.000606168620365738,0.0270984747876936,0.000622226880144115,0.00997276290703835,-1.55061976674554,2.26536293421154
"Competing","Linear informative",0.2,0.1,"ipcw_gam","CIPCW (GAM)",1000,0,0.243863666666667,-0.00112902914090802,0.0284508090324388,0.889,0.0278720445178827,0.000899693578169978,-0.462975545451495,0.368933015101324,0.000636497758595304,0.0284589843962626,0.000648950550875979,0.00993373041711924,-2.03426381969012,2.25433069899587
"Competing","Linear informative",0.2,0.25,"ipcw_gam","CIPCW (GAM)",1000,0,0.188580666666667,-0.00119900888985176,0.0293708390729752,0.901,0.0288921743433021,0.000928787482608702,-0.635806899532877,0.492514688290086,0.0006570805496848,0.0293806256567266,0.0006606058461477,0.00944452222190196,-1.62972780070695,2.26488582360025
"Competing","Linear informative",0.2,0.5,"ipcw_gam","CIPCW (GAM)",1000,0,0.124719,0.000519931006914823,0.0325068643446342,0.888,0.0313019044813148,0.00102795730919161,0.416881956169327,0.824218690970587,0.000727239294697403,0.0324947666793113,0.000770928793225738,0.00997276290703835,-3.70678589772458,2.24603525978938
"Competing","Linear informative",0.2,0.75,"ipcw_gam","CIPCW (GAM)",1000,0,0.0727540000000001,0.00202462222466025,0.041963316753543,0.816,0.037498313684694,0.00132699659116299,2.78283286782892,1.82395001121998,0.000938797804533484,0.0419911672635783,0.00192223022567959,0.0122533260790693,-10.6402529978091,2.73371581094752
"Competing","Linear informative",0.3,0.01,"ipcw_gam","CIPCW (GAM)",1000,0,0.292846868686869,-0.008501137798005,0.0320343817675638,0.848,0.0309606510645603,0.00101301609820872,-2.90292938289703,0.345920071725918,0.000716668976611272,0.0331277037760763,0.000714874999130022,0.0113532374237483,-3.3518071639225,2.36509482966343
"Competing","Linear informative",0.3,0.1,"ipcw_gam","CIPCW (GAM)",1000,0,0.243904666666667,-0.00889261781334921,0.0336936001784411,0.853,0.0325619281240749,0.0010654851913493,-3.6459400038878,0.436844938602771,0.000753788792724035,0.0348310505995147,0.000741062946521819,0.0111978122863352,-3.35871515175847,2.36087859665661
"Competing","Linear informative",0.3,0.25,"ipcw_gam","CIPCW (GAM)",1000,0,0.188572333333333,-0.00865586071914685,0.0358295629581209,0.848,0.034390266368507,0.00113303026516062,-4.5902071455234,0.600846500190355,0.000801574271167165,0.036842879216715,0.000810172058586101,0.0113532374237483,-4.01706432003153,2.33311931006965
"Competing","Linear informative",0.3,0.5,"ipcw_gam","CIPCW (GAM)",1000,0,0.124764,-0.00588142253925726,0.0428423808104427,0.889,0.0393475360454154,0.00135479503745289,-4.71403813540545,1.08588618307596,0.000958464110023792,0.043222971380954,0.00110675683948137,0.00993373041711924,-8.15744759958696,2.23117002427761
"Competing","Linear informative",0.3,0.75,"ipcw_gam","CIPCW (GAM)",1000,0,0.0727019999999999,-0.00134213493839525,0.0609983247301005,0.865,0.0482380445181879,0.00192893639601693,-1.84607705206907,2.65320953483664,0.00136464650001728,0.0609825889123426,0.00282616283145582,0.0108062481925967,-20.9190666602288,3.08305009375521
